Class,Precision,Recall,F1
1dAVb,0.4826762246117085,0.708150744960561,0.5740674955595026
RBBB,0.7243717590745912,0.9213597158802638,0.8110763733809735
LBBB,0.7845786963434023,0.809016393442623,0.7966101694915254
SB,0.5663865546218487,0.8127009646302251,0.6675470452294486
AF,0.6315524193548387,0.8529611980939414,0.7257457283521574
ST,0.7543859649122807,0.7742382271468145,0.7641831852358169
Average,0.6573252698197783,0.8130712073590716,0.7232049995415708
