Class,Precision,Recall,F1
1dAVb,0.500651890482399,0.6730937773882559,0.5742056074766355
RBBB,0.7241929055400558,0.9218670725520041,0.8111607142857142
LBBB,0.7710566615620215,0.8254098360655737,0.7973079968329375
SB,0.5691609977324263,0.8070739549839229,0.6675531914893618
AF,0.6345856922285126,0.8393464942137508,0.7227432590855802
ST,0.7400909681611436,0.788781163434903,0.763660744217231
Average,0.6566231859510931,0.8092620497730684,0.72277191889791
